date,year,month_num,month_name,cpi_index,inflation_mom,inflation_pct,brent_price,brent_price_end_month,oil_log_change,oil_pct_change,usd_kzt,usd_kzt_end_month,dep_kzt,dep_kzt_end_month,gdp_growth,money_supply,gdp_deflator,oil_rents,trend,month_factor,lag_inflation,lag_dep_kzt,lag_oil_log_change,inflation_3m
2000-01-01,2000,1,January,102.6,2.5667746748577813,2.5999999999999943,25.511,27.08,NA,NA,139.03225806451613,NA,NA,NA,9.80000000214156,15.2703887716366,17.4264026783762,24.7022127271689,1,Jan,NA,NA,NA,2.666724708166124
2000-02-01,2000,2,February,100.1,0.09995003330834232,0.09999999999999432,27.775714285714287,29.01,8.50523203534106,8.877403025025622,139.7948275862069,NA,0.5469851834547512,NA,9.80000000214156,15.2703887716366,17.4264026783762,24.7022127271689,2,Feb,2.5667746748577813,NA,NA,0.499152160262088
2000-03-01,2000,3,March,100,0,0,27.48608695652174,23.98,-1.048210425883589,-1.0427358454702662,141.26774193548388,NA,1.0481138314399452,NA,9.80000000214156,15.2703887716366,17.4264026783762,24.7022127271689,3,Mar,0.09995003330834232,0.5469851834547512,8.50523203534106,1.0967635005962815
2000-04-01,2000,4,April,100.4,0.3992021269537457,0.4000000000000057,22.764444444444443,23.79,-18.84800832385345,-17.17830013252204,142.16666666666666,NA,0.6343109502029876,NA,9.80000000214156,15.2703887716366,17.4264026783762,24.7022127271689,4,Apr,0,1.0481138314399452,-1.048210425883589,1.7943248742388174
2000-05-01,2000,5,May,100.7,0.6975613736425359,0.7000000000000028,27.73761904761905,29.64,19.758971563204675,21.84623751882637,142.27903225806452,NA,0.07900671211942267,NA,9.80000000214156,15.2703887716366,17.4264026783762,24.7022127271689,5,May,0.3992021269537457,0.6343109502029876,-18.84800832385345,1.7943248742388174
2000-06-01,2000,6,June,100.7,0.6975613736425359,0.7000000000000028,29.795454545454547,31.58,7.1566269658341675,7.418933450281617,142.49166666666667,NA,0.14933730817290325,NA,9.80000000214156,15.2703887716366,17.4264026783762,24.7022127271689,6,Jun,0.6975613736425359,0.07900671211942267,19.758971563204675,1.2965637668635872
2000-07-01,2000,7,July,100.4,0.3992021269537457,0.4000000000000057,28.682380952380953,25.3,-3.807281969436671,-3.7357161018488294,142.69354838709677,NA,0.14157939717476253,NA,9.80000000214156,15.2703887716366,17.4264026783762,24.7022127271689,7,Jul,0.6975613736425359,0.14933730817290325,7.1566269658341675,1.0977565443249484
2000-08-01,2000,8,August,100.2,0.1998002662673058,0.20000000000000284,30.19608695652174,35.08,5.142931485860647,5.277476812869453,142.65967741935484,NA,-0.023739677591017028,NA,9.80000000214156,15.2703887716366,17.4264026783762,24.7022127271689,8,Aug,0.3992021269537457,0.14157939717476253,-3.807281969436671,1.891411503898584
2000-09-01,2000,9,September,100.5,0.4987541511038968,0.5,33.14476190476191,28.42,9.317234721427603,9.765089604112799,142.71666666666667,NA,0.0399397141706892,NA,9.80000000214156,15.2703887716366,17.4264026783762,24.7022127271689,9,Sep,0.1998002662673058,-0.023739677591017028,5.142931485860647,3.180472487006334
2000-10-01,2000,10,October,101.2,1.1928570865273813,1.2000000000000028,30.96090909090909,30.15,-6.815928053206832,-6.588832407750866,142.64193548387098,NA,-0.05237703292699791,NA,9.80000000214156,15.2703887716366,17.4264026783762,24.7022127271689,10,Oct,0.4987541511038968,0.0399397141706892,9.317234721427603,3.9733408625570603
2000-11-01,2000,11,November,101.5,1.488861249375056,1.5,32.55227272727273,32.53,5.012177717567212,5.13991249963297,143.50833333333333,NA,0.605556304803212,NA,9.80000000214156,15.2703887716366,17.4264026783762,24.7022127271689,11,Nov,1.1928570865273813,-0.05237703292699791,-6.815928053206832,3.8744777798631054
2000-12-01,2000,12,December,101.3,1.2916225266546228,1.2999999999999972,25.66,22.58,-23.7913829680068,-21.172938630175242,144.30322580645162,NA,0.552371486817016,NA,9.80000000214156,15.2703887716366,17.4264026783762,24.7022127271689,12,Dec,1.488861249375056,0.605556304803212,5.012177717567212,3.083177904130585
2001-01-01,2001,1,January,101.1,1.0939940038334264,1.0999999999999943,25.624545454545455,26.59,-0.1382660245446754,-0.13817048111669505,145.0774193548387,NA,0.5350706126562521,NA,13.4999999984358,17.1238361009358,10.1564326382591,16.8769158317887,13,Jan,1.2916225266546228,0.552371486817016,-23.7913829680068,2.489116751118498
2001-02-01,2001,2,February,100.7,0.6975613736425359,0.7000000000000028,27.5035,25.16,7.076257035926803,7.33263561216162,145.2214285714286,NA,0.09921446773324405,NA,13.4999999984358,17.1238361009358,10.1564326382591,16.8769158317887,14,Feb,1.0939940038334264,0.5350706126562521,-0.1382660245446754,2.0926841209276077
2001-03-01,2001,3,March,100.7,0.6975613736425359,0.7000000000000028,24.497272727272726,23.5,-11.575147520103046,-10.930344402447956,145.40666666666667,NA,0.12747433806783448,NA,13.4999999984358,17.1238361009358,10.1564326382591,16.8769158317887,15,Mar,0.6975613736425359,0.09921446773324405,7.076257035926803,1.7943248742388174
2001-04-01,2001,4,April,100.7,0.6975613736425359,0.7000000000000028,25.65714285714286,27.21,4.626021271250469,4.734690848172884,145.51500000000001,NA,0.07447595057596956,NA,13.4999999984358,17.1238361009358,10.1564326382591,16.8769158317887,16,Apr,0.6975613736425359,0.12747433806783448,-11.575147520103046,1.1967135339046238
2001-05-01,2001,5,May,100.4,0.3992021269537457,0.4000000000000057,28.313636363636363,28.55,9.852153208899805,10.353816562057094,145.9225806451613,NA,0.2797037430669391,NA,13.4999999984358,17.1238361009358,10.1564326382591,16.8769158317887,17,May,0.6975613736425359,0.07447595057596956,4.626021271250469,0.39910212690374564
2001-06-01,2001,6,June,100.1,0.09995003330834232,0.09999999999999432,27.849047619047617,26.21,-1.6544769915813884,-1.6408656896696683,146.37833333333333,NA,0.31183827056304736,NA,13.4999999984358,17.1238361009358,10.1564326382591,16.8769158317887,18,Jun,0.3992021269537457,0.2797037430669391,9.852153208899805,-1.0000005000002088e-4
2001-07-01,2001,7,July,99.9,-0.10005003335834234,-0.09999999999999432,24.613636363636363,24.35,-12.349815590324065,-11.617672890179431,146.6774193548387,NA,0.2041155122207705,NA,13.4999999984358,17.1238361009358,10.1564326382591,16.8769158317887,19,Jul,0.09995003330834232,0.31183827056304736,-1.6544769915813884,0.09975023290896345
2001-08-01,2001,8,August,100,0,0,25.68,26.8,4.241186573903111,4.332409972299178,147.05967741935484,NA,0.2602723894967518,NA,13.4999999984358,17.1238361009358,10.1564326382591,16.8769158317887,20,Aug,-0.10005003335834234,0.2041155122207705,-12.349815590324065,0.8973616399098416
2001-09-01,2001,9,September,100.2,0.1998002662673058,0.20000000000000284,25.6195,21.87,-0.2358698546734761,-0.235591900311527,147.51166666666666,NA,0.30687954623127567,NA,13.4999999984358,17.1238361009358,10.1564326382591,16.8769158317887,21,Sep,0,0.2602723894967518,4.241186573903111,1.793335777057044
2001-10-01,2001,10,October,100.7,0.6975613736425359,0.7000000000000028,20.53782608695652,19.63,-22.108541940133854,-19.835179894390908,147.93064516129033,NA,0.28362814581557316,NA,13.4999999984358,17.1238361009358,10.1564326382591,16.8769158317887,22,Oct,0.1998002662673058,0.30687954623127567,-0.2358698546734761,2.5885685961065477
2001-11-01,2001,11,November,100.9,0.8959741371472022,0.9000000000000057,18.797272727272727,18.92,-8.855656925937927,-8.474866581858976,148.40833333333333,NA,0.32239335386590184,NA,13.4999999984358,17.1238361009358,10.1564326382591,16.8769158317887,23,Nov,0.6975613736425359,0.28362814581557316,-22.108541940133854,2.588568596106547
2001-12-01,2001,12,December,101,0.9950330853168092,1,18.705263157894738,19.35,-0.49068550601973904,-0.48948361133523965,149.54032258064515,NA,0.7598589028386726,NA,13.4999999984358,17.1238361009358,10.1564326382591,16.8769158317887,24,Dec,0.8959741371472022,0.32239335386590184,-8.855656925937927,1.9921453569391823
2002-01-01,2002,1,January,100.7,0.6975613736425359,0.7000000000000028,19.416818181818183,19.07,3.7334670548586413,3.804036425026869,151.0741935483871,NA,1.0204991423238496,NA,9.79999999960842,19.1703227341657,5.80322409676619,18.663679662836,25,Jan,0.9950330853168092,0.7598589028386726,-0.49068550601973904,1.1969125378896788
2002-02-01,2002,2,February,100.3,0.2995508979798371,0.29999999999999716,20.2755,20.73,4.327365350715784,4.422361120865226,151.72321428571428,NA,0.4286838093426226,NA,9.79999999960842,19.1703227341657,5.80322409676619,18.663679662836,26,Feb,0.6975613736425359,1.0204991423238496,3.7334670548586413,0.9981053153510397
2002-03-01,2002,3,March,100.2,0.1998002662673058,0.20000000000000284,23.696666666666665,25.34,15.592113066342694,16.87340221778335,152.1032258064516,NA,0.25015052592731735,NA,9.79999999960842,19.1703227341657,5.80322409676619,18.663679662836,27,Mar,0.2995508979798371,0.4286838093426226,4.327365350715784,1.594528554518405
2002-04-01,2002,4,April,100.5,0.4987541511038968,0.5,25.72863636363636,26.98,8.227023570051628,8.574917837824003,152.53166666666667,NA,0.28128172660721873,NA,9.79999999960842,19.1703227341657,5.80322409676619,18.663679662836,28,Apr,0.1998002662673058,0.25015052592731735,15.592113066342694,1.8934824393549958
2002-05-01,2002,5,May,100.9,0.8959741371472022,0.9000000000000057,25.345454545454547,23.87,-1.5005220885799808,-1.4893203540448208,152.8951612903226,NA,0.2380241432645036,NA,9.79999999960842,19.1703227341657,5.80322409676619,18.663679662836,29,May,0.4987541511038968,0.28128172660721873,8.227023570051628,1.9929354560058459
2002-06-01,2002,6,June,100.5,0.4987541511038968,0.5,24.081666666666667,25.33,-5.114857431053332,-4.986250597800101,153.08666666666667,NA,0.12517436256134218,NA,9.79999999960842,19.1703227341657,5.80322409676619,18.663679662836,30,Jun,0.8959741371472022,0.2380241432645036,-1.5005220885799808,0.7965104168287713
2002-07-01,2002,7,July,100.6,0.5982071677547469,0.5999999999999943,25.73608695652174,26.28,6.644333694286431,6.87004065273058,153.51129032258063,NA,0.27699070898803413,NA,9.79999999960842,19.1703227341657,5.80322409676619,18.663679662836,31,Jul,0.4987541511038968,0.12517436256134218,-5.114857431053332,0.39770629903321675
2002-08-01,2002,8,August,99.7,-0.30045090202987246,-0.29999999999999716,26.651363636363637,27.56,3.494614892632031,3.556394106797023,154.06333333333333,NA,0.3589656370061256,NA,9.79999999960842,19.1703227341657,5.80322409676619,18.663679662836,32,Aug,0.5982071677547469,0.27699070898803413,6.644333694286431,0.39770629903321675
2002-09-01,2002,9,September,100.1,0.09995003330834232,0.09999999999999432,28.39952380952381,29.11,6.353206010965007,6.559364830304393,154.42,NA,0.231238959811364,NA,9.79999999960842,19.1703227341657,5.80322409676619,18.663679662836,33,Sep,-0.30045090202987246,0.3589656370061256,3.494614892632031,1.6931902863798984
2002-10-01,2002,10,October,100.6,0.5982071677547469,0.5999999999999943,27.54304347826087,25.51,-3.0622379368497654,-3.0158263814822117,154.395,NA,-0.016190923403769375,NA,9.79999999960842,19.1703227341657,5.80322409676619,18.663679662836,34,Oct,0.09995003330834232,0.231238959811364,6.353206010965007,2.9835307699706997
2002-11-01,2002,11,November,101,0.9950330853168092,1,24.335238095238097,25.74,-12.382457108457734,-11.646517515592002,154.30833333333334,NA,-0.056148839086223035,NA,9.79999999960842,19.1703227341657,5.80322409676619,18.663679662836,35,Nov,0.5982071677547469,-0.016190923403769375,-3.0622379368497654,3.3803566875327613
2002-12-01,2002,12,December,101.4,1.3902905168991433,1.4000000000000057,28.3345,30.12,15.215471614184262,16.434036474639946,155.08064516129033,NA,0.49925077220187575,NA,9.79999999960842,19.1703227341657,5.80322409676619,18.663679662836,36,Dec,0.9950330853168092,-0.056148839086223035,-12.382457108457734,2.884077753319849
2003-01-01,2003,1,January,101,0.9950330853168092,1,31.183636363636364,31.57,9.58133382604971,10.05536135677836,155.55806451612904,NA,0.3073794191528201,NA,9.30000000033759,21.0701361287739,11.7385246474223,19.0561886830313,37,Jan,1.3902905168991433,0.49925077220187575,15.215471614184262,1.7933381344005432
2003-02-01,2003,2,February,100.5,0.4987541511038968,0.5,32.771,34,4.965049625515761,5.090373739140586,154.16071428571428,NA,-0.9023409668943216,NA,9.30000000033759,21.0701361287739,11.7385246474223,19.0561886830313,38,Feb,0.9950330853168092,0.3073794191528201,9.58133382604971,1.1975071760374796
2003-03-01,2003,3,March,100.3,0.2995508979798371,0.29999999999999716,30.612380952380953,28.05,-6.813944454647913,-6.586979486799449,151.65652173913043,NA,-1.6377419086850864,NA,9.30000000033759,21.0701361287739,11.7385246474223,19.0561886830313,39,Mar,0.4987541511038968,-0.9023409668943216,4.965049625515761,0.798703058241925
2003-04-01,2003,4,April,100.4,0.3992021269537457,0.4000000000000057,25.06772727272727,23.6,-19.98232806096687,-18.112454853736004,152.02100000000002,NA,0.2400430784567753,NA,9.30000000033759,21.0701361287739,11.7385246474223,19.0561886830313,40,Apr,0.2995508979798371,-1.6377419086850864,-6.813944454647913,0.5991021935704303
2003-05-01,2003,5,May,100.1,0.09995003330834232,0.09999999999999432,25.857727272727274,26.58,3.102823085820816,3.151462401856797,151.06870967741935,NA,-0.6283904902079307,NA,9.30000000033759,21.0701361287739,11.7385246474223,19.0561886830313,41,May,0.3992021269537457,0.2400430784567753,-19.98232806096687,0.19990006661668464
2003-06-01,2003,6,June,100.1,0.09995003330834232,0.09999999999999432,27.652857142857144,28.88,6.711957143935887,6.942334301836461,148.96233333333333,NA,-1.4041286729534974,NA,9.30000000033759,21.0701361287739,11.7385246474223,19.0561886830313,42,Jun,0.09995003330834232,-0.6283904902079307,3.102823085820816,0.29975029957564814
2003-07-01,2003,7,July,100,0,0,28.348695652173912,28.68,2.4851965271524445,2.5163349512927535,146.922,NA,-1.3791643857133273,NA,9.30000000033759,21.0701361287739,11.7385246474223,19.0561886830313,43,Jul,0.09995003330834232,-1.4041286729534974,6.711957143935887,0.5990023932210515
2003-08-01,2003,8,August,100.2,0.1998002662673058,0.20000000000000284,29.88809523809524,30.38,5.2879228167128645,5.430230740804043,146.81071428571428,NA,-0.07577345947380465,NA,9.30000000033759,21.0701361287739,11.7385246474223,19.0561886830313,44,Aug,0,-1.3791643857133273,2.4851965271524445,1.8906249198756744
2003-09-01,2003,9,September,100.4,0.3992021269537457,0.4000000000000057,27.112272727272728,28.09,-9.747375500393218,-9.28738512344025,147.94310344827585,NA,0.7683664574686944,NA,9.30000000033759,21.0701361287739,11.7385246474223,19.0561886830313,45,Sep,0.1998002662673058,-0.07577345947380465,5.2879228167128645,3.278159569237385
2003-10-01,2003,10,October,101.3,1.2916225266546228,1.2999999999999972,29.60782608695652,27.88,8.805222767661158,9.204515552004878,147.90483870967742,NA,-0.02586784179241519,NA,9.30000000033759,21.0701361287739,11.7385246474223,19.0561886830313,46,Oct,0.3992021269537457,0.7683664574686944,-9.747375500393218,3.7749315794308416
2003-11-01,2003,11,November,101.6,1.5873349156290164,1.5999999999999943,28.7525,28.95,-2.9314001228874176,-2.888851361273448,147.03466666666668,NA,-0.5900698631204904,NA,9.30000000033759,21.0701361287739,11.7385246474223,19.0561886830313,47,Nov,1.2916225266546228,-0.02586784179241519,8.805222767661158,3.1808704264187546
2003-12-01,2003,12,December,100.9,0.8959741371472022,0.9000000000000057,29.807142857142857,30.3,3.6023337997648675,3.6680040244947643,145.0558064516129,NA,-1.354984618376065,NA,9.30000000033759,21.0701361287739,11.7385246474223,19.0561886830313,48,Dec,1.5873349156290164,-0.5900698631204904,-2.9314001228874176,2.092289661893635
2004-01-01,2004,1,January,100.7,0.6975613736425359,0.7000000000000028,31.28095238095238,29.53,4.826130419275598,4.944484383736714,141.4251612903226,NA,-2.534785876240875,NA,9.60000000136854,28.1103523106262,16.1316269947904,21.3287460118204,49,Jan,0.8959741371472022,-1.354984618376065,3.6023337997648675,1.5955176517001783
2004-02-01,2004,2,February,100.5,0.4987541511038968,0.5,30.8585,32.94,-1.359712303182814,-1.3505099710762747,139.18379310344827,NA,-1.5975369426577402,NA,9.60000000136854,28.1103523106262,16.1316269947904,21.3287460118204,50,Feb,0.6975613736425359,-2.534785876240875,4.826130419275598,1.297158405011388
2004-03-01,2004,3,March,100.4,0.3992021269537457,0.4000000000000057,33.63434782608696,32.29,8.613556240616749,8.995407508747855,138.97967741935483,NA,-0.14675954419596238,NA,9.60000000136854,28.1103523106262,16.1316269947904,21.3287460118204,51,Mar,0.4987541511038968,-1.5975369426577402,-1.359712303182814,0.9982045201747971
2004-04-01,2004,4,April,100.4,0.3992021269537457,0.4000000000000057,33.59090909090909,35.23,-0.12923339594577143,-0.12914992555370652,138.18366666666668,NA,-0.5743998679996309,NA,9.60000000136854,28.1103523106262,16.1316269947904,21.3287460118204,52,Apr,0.3992021269537457,-0.14675954419596238,8.613556240616749,0.8985532912008887
2004-05-01,2004,5,May,100.2,0.1998002662673058,0.20000000000000284,37.56761904761905,37,11.188701622199382,11.838649397512713,137.2109677419355,NA,-0.7064066238665845,NA,9.60000000136854,28.1103523106262,16.1316269947904,21.3287460118204,53,May,0.3992021269537457,-0.5743998679996309,-0.12923339594577143,0.6991514305144486
2004-06-01,2004,6,June,100.3,0.2995508979798371,0.29999999999999716,35.18363636363636,33.22,-6.5561385329249156,-6.345844491664099,136.364,NA,-0.6191870951751888,NA,9.60000000136854,28.1103523106262,16.1316269947904,21.3287460118204,54,Jun,0.1998002662673058,-0.7064066238665845,11.188701622199382,0.6991514305144486
2004-07-01,2004,7,July,100.2,0.1998002662673058,0.20000000000000284,38.221363636363634,41.47,8.281351830013728,8.633920727610978,135.56483870967742,NA,-0.587774062425872,NA,9.60000000136854,28.1103523106262,16.1316269947904,21.3287460118204,55,Jul,0.2995508979798371,-0.6191870951751888,-6.5561385329249156,1.1964174974522996
2004-08-01,2004,8,August,100.2,0.1998002662673058,0.20000000000000284,42.74409090909091,39.8,11.183634469738513,11.832982506213806,136.1648387096774,NA,0.4416160802322544,NA,9.60000000136854,28.1103523106262,16.1316269947904,21.3287460118204,56,Aug,0.1998002662673058,-0.587774062425872,8.281351830013728,2.0906112350184203
2004-09-01,2004,9,September,100.8,0.7968169649176882,0.7999999999999972,43.19681818181818,47.76,1.0535877858728337,1.0591575656390573,135.43366666666668,NA,-0.5384225575022938,NA,9.60000000136854,28.1103523106262,16.1316269947904,21.3287460118204,57,Sep,0.1998002662673058,0.4416160802322544,11.183634469738513,2.786785105898317
2004-10-01,2004,10,October,101.1,1.0939940038334264,1.0999999999999943,49.776666666666664,48.16,14.177949406218637,15.232252656094891,133.25677419354838,NA,-1.6204075578844623,NA,9.60000000136854,28.1103523106262,16.1316269947904,21.3287460118204,58,Oct,0.7968169649176882,-0.5384225575022938,1.0535877858728337,2.885942278127831
2004-11-01,2004,11,November,100.9,0.8959741371472022,0.9000000000000057,43.110454545454544,44.23,-14.378080084573064,-13.392242927500408,130.74833333333333,NA,-1.9003544088043611,NA,9.60000000136854,28.1103523106262,16.1316269947904,21.3287460118204,59,Nov,1.0939940038334264,-1.6204075578844623,14.177949406218637,2.5887652392120923
2004-12-01,2004,12,December,100.9,0.8959741371472022,0.9000000000000057,39.60217391304348,40.38,-8.488151900764862,-8.137888290442463,130.03806451612903,NA,-0.5447144324105757,NA,9.60000000136854,28.1103523106262,16.1316269947904,21.3287460118204,60,Dec,0.8959741371472022,-1.9003544088043611,-14.378080084573064,2.2909982698196374
2005-01-01,2005,1,January,100.8,0.7968169649176882,0.7999999999999972,44.509,44.51,11.680740236631149,12.390294779601474,130.0941935483871,NA,0.043154227427777414,NA,9.69999999922682,27.2093138096755,17.8748272505452,24.6119449899113,61,Jan,0.8959741371472022,-0.5447144324105757,-8.488151900764862,1.993231300427182
2005-02-01,2005,2,February,100.6,0.5982071677547469,0.5999999999999943,45.475,50.13,2.1471308490186303,2.1703475701543518,130.1025,NA,0.006384748016952102,NA,9.69999999922682,27.2093138096755,17.8748272505452,24.6119449899113,62,Feb,0.7968169649176882,0.043154227427777414,11.680740236631149,1.7946215032642407
2005-03-01,2005,3,March,100.6,0.5982071677547469,0.5999999999999943,53.10454545454545,53.22,15.509980196060047,16.777450147433637,130.43516129032258,NA,0.2553653621152563,NA,9.69999999922682,27.2093138096755,17.8748272505452,24.6119449899113,63,Mar,0.5982071677547469,0.006384748016952102,2.1471308490186303,1.7946215032642407
2005-04-01,2005,4,April,100.6,0.5982071677547469,0.5999999999999943,51.883809523809525,50.61,-2.3255740086346677,-2.2987409463485764,131.38266666666667,NA,0.7237929671918941,NA,9.69999999922682,27.2093138096755,17.8748272505452,24.6119449899113,64,Apr,0.5982071677547469,0.2553653621152563,15.509980196060047,1.5956164624632394
2005-05-01,2005,5,May,100.6,0.5982071677547469,0.5999999999999943,48.64545454545455,49.3,-6.444841375955157,-6.241552052705179,131.37774193548387,NA,-0.0037484575470259074,NA,9.69999999922682,27.2093138096755,17.8748272505452,24.6119449899113,65,May,0.5982071677547469,0.7237929671918941,-2.3255740086346677,1.4961634458123894
2005-06-01,2005,6,June,100.4,0.3992021269537457,0.4000000000000057,54.35454545454545,55.36,11.096987056959984,11.736124088955325,133.78533333333334,NA,1.8159825303879273,NA,9.69999999922682,27.2093138096755,17.8748272505452,24.6119449899113,66,Jun,0.5982071677547469,-0.0037484575470259074,-6.444841375955157,1.0977565443249482
2005-07-01,2005,7,July,100.5,0.4987541511038968,0.5,57.52,59.77,5.660447032430316,5.823716340525187,135.62290322580645,NA,1.3641738745978849,NA,9.69999999922682,27.2093138096755,17.8748272505452,24.6119449899113,67,Jul,0.3992021269537457,1.8159825303879273,11.096987056959984,1.4953713822888908
2005-08-01,2005,8,August,100.2,0.1998002662673058,0.20000000000000284,63.98347826086957,66.8,10.64921844459592,11.236923262986021,135.4683870967742,NA,-0.11399565480783025,NA,9.69999999922682,27.2093138096755,17.8748272505452,24.6119449899113,68,Aug,0.4987541511038968,1.3641738745978849,5.660447032430316,1.9916503165018031
2005-09-01,2005,9,September,100.8,0.7968169649176882,0.7999999999999972,62.908181818181816,61.7,-1.69486660109186,-1.680584538251606,134.31333333333333,NA,-0.8562928721263852,NA,9.69999999922682,27.2093138096755,17.8748272505452,24.6119449899113,69,Sep,0.1998002662673058,-0.11399565480783025,10.64921844459592,2.390057217989244
2005-10-01,2005,10,October,101,0.9950330853168092,1,58.53857142857143,58.47,-7.199035422023492,-6.946012844942018,133.82033333333334,NA,-0.3677274559899857,NA,9.69999999922682,27.2093138096755,17.8748272505452,24.6119449899113,70,Oct,0.7968169649176882,-0.8562928721263852,-1.69486660109186,2.4892143902187582
2005-11-01,2005,11,November,100.6,0.5982071677547469,0.5999999999999943,55.24181818181818,53.25,-5.796563540263833,-5.631762385551098,134.09633333333332,NA,0.20603428750378683,NA,9.69999999922682,27.2093138096755,17.8748272505452,24.6119449899113,71,Nov,0.9950330853168092,-0.3677274559899857,-7.199035422023492,2.3901554420491515
2005-12-01,2005,12,December,100.9,0.8959741371472022,0.9000000000000057,56.855714285714285,58.34,2.8796488060371495,2.921511559565726,133.85354838709677,NA,-0.181216734352585,NA,9.69999999922682,27.2093138096755,17.8748272505452,24.6119449899113,72,Dec,0.5982071677547469,0.20603428750378683,-5.796563540263833,3.2808095236694603
2006-01-01,2006,1,January,100.9,0.8959741371472022,0.9000000000000057,62.985238095238095,63.19,10.238365270132999,10.780840389624524,133.21806451612903,NA,-0.47589113900103897,NA,10.7,36.0060480592774,21.5517089095579,21.1400400879889,73,Jan,0.8959741371472022,-0.181216734352585,2.8796488060371495,3.181652351439946
2006-02-01,2006,2,February,101.5,1.488861249375056,1.5,60.21,59.78,-4.506193151030402,-4.406172270146447,131.34607142857143,NA,-1.4151761901834092,NA,10.7,36.0060480592774,21.5517089095579,21.1400400879889,74,Feb,0.8959741371472022,-0.47589113900103897,10.238365270132999,2.784432365396641
2006-03-01,2006,3,March,100.8,0.7968169649176882,0.7999999999999972,62.06478260869565,66.06,3.034026884618246,3.080522519009543,128.7216129032258,NA,-2.0183573570415447,NA,10.7,36.0060480592774,21.5517089095579,21.1400400879889,75,Mar,1.488861249375056,-1.4151761901834092,-4.506193151030402,2.092388080939273
2006-04-01,2006,4,April,100.5,0.4987541511038968,0.5,70.26,72.15,12.402392651514216,13.20429565180843,126.806,NA,-1.4993673433383314,NA,10.7,36.0060480592774,21.5517089095579,21.1400400879889,76,Apr,0.7968169649176882,-2.0183573570415447,3.034026884618246,1.5951220140014222
2006-05-01,2006,5,May,100.8,0.7968169649176882,0.7999999999999972,69.77695652173912,67.57,-0.6898827367874283,-0.6875085087686861,122.59387096774194,NA,-3.378132934966782,NA,10.7,36.0060480592774,21.5517089095579,21.1400400879889,77,May,0.4987541511038968,-1.4993673433383314,12.402392651514216,1.296168129164831
2006-06-01,2006,6,June,100.3,0.2995508979798371,0.29999999999999716,68.5559090909091,73.2,-1.7654215996298461,-1.7499293344065636,119.89066666666668,NA,-2.2296813789032477,NA,10.7,36.0060480592774,21.5517089095579,21.1400400879889,78,Jun,0.7968169649176882,-3.378132934966782,-0.6898827367874283,0.6991514305144486
2006-07-01,2006,7,July,100.2,0.1998002662673058,0.20000000000000284,73.67428571428572,74.75,7.200423001381573,7.465988988038008,118.1474193548387,NA,-1.4647055071403514,NA,10.7,36.0060480592774,21.5517089095579,21.1400400879889,79,Jul,0.2995508979798371,-2.2296813789032477,-1.7654215996298461,0.8983546836385083
2006-08-01,2006,8,August,100.2,0.1998002662673058,0.20000000000000284,73.2304347826087,67.66,-0.6042723212132728,-0.6024502679242927,122.80741935483871,NA,3.868427080142922,NA,10.7,36.0060480592774,21.5517089095579,21.1400400879889,80,Aug,0.1998002662673058,-1.4647055071403514,7.200423001381573,1.3961157910137385
2006-09-01,2006,9,September,100.5,0.4987541511038968,0.5,61.95857142857143,59.09,-16.714515134204344,-15.392320675821235,126.19333333333333,NA,2.7197690423015786,NA,10.7,36.0060480592774,21.5517089095579,21.1400400879889,81,Sep,0.1998002662673058,3.868427080142922,-0.6042723212132728,1.993132489664121
2006-10-01,2006,10,October,100.7,0.6975613736425359,0.7000000000000028,57.808181818181815,56.13,-6.9335639324847875,-6.698652849306519,127.67129032258065,NA,1.1643793972724303,NA,10.7,36.0060480592774,21.5517089095579,21.1400400879889,82,Oct,0.4987541511038968,2.7197690423015786,-16.714515134204344,2.3903524757074264
2006-11-01,2006,11,November,100.8,0.7968169649176882,0.7999999999999972,58.76136363636363,64.36,1.635423830971483,1.6488700875937568,127.92,NA,0.19461520430104073,NA,10.7,36.0060480592774,21.5517089095579,21.1400400879889,83,Nov,0.6975613736425359,1.1643793972724303,-6.9335639324847875,2.786785105898317
2006-12-01,2006,12,December,100.9,0.8959741371472022,0.9000000000000057,62.47210526315789,58.96,6.1235583406330285,6.314934503150171,127.87483870967742,NA,-0.0353105567098666,NA,10.7,36.0060480592774,21.5517089095579,21.1400400879889,84,Dec,0.7968169649176882,0.19461520430104073,1.635423830971483,2.786785105898317
2007-01-01,2007,1,January,101.1,1.0939940038334264,1.0999999999999943,53.68142857142857,56.52,-15.165303628350024,-14.07136297824353,125.80451612903227,NA,-1.6322720059737783,NA,8.89999999999405,36.0303789108957,15.5270972952622,18.7183777371544,85,Jan,0.8959741371472022,-0.0353105567098666,6.1235583406330285,2.5883723423936504
2007-02-01,2007,2,February,100.8,0.7968169649176882,0.7999999999999972,57.555789473684214,59.39,6.968762408875051,7.217320785530923,124.7675,NA,-0.827723754450993,NA,8.89999999999405,36.0303789108957,15.5270972952622,18.7183777371544,86,Feb,1.0939940038334264,-1.6322720059737783,-15.165303628350024,1.993132489664121
2007-03-01,2007,3,March,100.7,0.6975613736425359,0.7000000000000028,62.05045454545455,68.47,7.519310796485179,7.809231899816771,124.11709677419354,NA,-0.5226556523132864,NA,8.89999999999405,36.0303789108957,15.5270972952622,18.7183777371544,87,Mar,0.7968169649176882,-0.827723754450993,6.968762408875051,1.8938768983889687
2007-04-01,2007,4,April,100.5,0.4987541511038968,0.5,67.4857894736842,67.23,8.39692123044724,8.759540873706339,122.08333333333333,NA,-1.6521577168052026,NA,8.89999999999405,36.0303789108957,15.5270972952622,18.7183777371544,88,Apr,0.6975613736425359,-0.5226556523132864,7.519310796485179,1.993132489664121
2007-05-01,2007,5,May,100.7,0.6975613736425359,0.7000000000000028,67.21227272727273,68.18,-0.4061188674490346,-0.40529532001419843,120.19935483870968,NA,-1.5552216974886512,NA,8.89999999999405,36.0303789108957,15.5270972952622,18.7183777371544,89,May,0.4987541511038968,-1.6521577168052026,8.39692123044724,2.3903524757074264
2007-06-01,2007,6,June,100.8,0.7968169649176882,0.7999999999999972,71.04571428571428,72.22,5.546767230499405,5.7034845019993785,122.02333333333333,NA,1.5060628588321023,NA,8.89999999999405,36.0303789108957,15.5270972952622,18.7183777371544,90,Jun,0.6975613736425359,-1.5552216974886512,-0.4061188674490346,2.3903524757074264
2007-07-01,2007,7,July,100.9,0.8959741371472022,0.9000000000000057,76.93,77.01,7.957238444142067,8.282393629856033,122.13548387096775,NA,0.09186688140614407,NA,8.89999999999405,36.0303789108957,15.5270972952622,18.7183777371544,91,Jul,0.7968169649176882,1.5060628588321023,5.546767230499405,3.7696846889410094
2007-08-01,2007,8,August,100.7,0.6975613736425359,0.7000000000000028,70.76086956521739,72.29,-8.358975931726942,-8.019147841911634,124.94870967741936,NA,2.2772378425647943,NA,8.89999999999405,36.0303789108957,15.5270972952622,18.7183777371544,92,Aug,0.8959741371472022,0.09186688140614407,7.957238444142067,7.179659497838508
2007-09-01,2007,9,September,102.2,2.176149178151271,2.200000000000003,77.17315789473685,80.97,8.674554275297375,9.061912846632714,122.34466666666667,NA,-2.1061132369181834,NA,8.89999999999405,36.0303789108957,15.5270972952622,18.7183777371544,93,Sep,0.6975613736425359,2.2772378425647943,-8.358975931726942,9.146291218838103
2007-10-01,2007,10,October,104.4,4.305948946044701,4.400000000000006,82.34,89.87,6.480531543521106,6.695128521643068,120.81967741935483,NA,-1.2543033367636625,NA,8.89999999999405,36.0303789108957,15.5270972952622,18.7183777371544,94,Oct,2.176149178151271,-2.1061132369181834,8.674554275297375,8.85231746474562
2007-11-01,2007,11,November,102.7,2.664193094642131,2.700000000000003,92.41428571428571,88.71,11.542455765286697,12.234983864811412,120.69066666666667,NA,-0.10683663712010016,NA,8.89999999999405,36.0303789108957,15.5270972952622,18.7183777371544,95,Nov,4.305948946044701,-1.2543033367636625,6.480531543521106,5.640362522534346
2007-12-01,2007,12,December,101.9,1.8821754240587887,1.9000000000000057,90.92684210526316,93.68,-1.6226323714334079,-1.6095386092375707,120.738,NA,0.03921103039941087,NA,8.89999999999405,36.0303789108957,15.5270972952622,18.7183777371544,96,Dec,2.664193094642131,-0.10683663712010016,11.542455765286697,3.7729863928099032
2008-01-01,2008,1,January,101.1,1.0939940038334264,1.0999999999999943,92.17809523809524,91.58,1.3667273293426874,1.376109742581333,120.35225806451614,NA,-0.3199982178817784,NA,3.30000000021091,39.0408803844671,20.9365382117877,22.9379468470309,97,Jan,1.8821754240587887,0.03921103039941087,-1.6226323714334079,2.4890181365058615
2008-02-01,2008,2,February,100.8,0.7968169649176882,0.7999999999999972,94.9865,100.9,3.0012252665754247,3.0467159845847025,120.32241379310345,NA,-0.024800508782529818,NA,3.30000000021091,39.0408803844671,20.9365382117877,22.9379468470309,98,Feb,1.0939940038334264,-0.3199982178817784,1.3667273293426874,2.2909982698196374
2008-03-01,2008,3,March,100.6,0.5982071677547469,0.5999999999999943,103.6355,102.33,8.714515898264175,9.105504466424152,120.6441935483871,NA,0.2670743055242397,NA,3.30000000021091,39.0408803844671,20.9365382117877,22.9379468470309,99,Mar,0.7968169649176882,-0.024800508782529818,3.0012252665754247,2.4892143902187582
2008-04-01,2008,4,April,100.9,0.8959741371472022,0.9000000000000057,109.07136363636364,111.12,5.11224450366754,5.245175288741444,120.51033333333334,NA,-0.11101614432265094,NA,3.30000000021091,39.0408803844671,20.9365382117877,22.9379468470309,100,Apr,0.5982071677547469,0.2670743055242397,8.714515898264175,3.0838643089913926
2008-05-01,2008,5,May,101,0.9950330853168092,1,122.79714285714286,127.85,11.853136854793522,12.584218958277638,120.55129032258064,NA,0.03398051421061865,NA,3.30000000021091,39.0408803844671,20.9365382117877,22.9379468470309,101,May,0.8959741371472022,-0.11101614432265094,5.11224450366754,3.083864308991393
2008-06-01,2008,6,June,101.2,1.1928570865273813,1.2000000000000028,132.32238095238097,138.4,7.470747620323781,7.756889023321478,120.69566666666667,NA,0.11969175746227023,NA,3.30000000021091,39.0408803844671,20.9365382117877,22.9379468470309,102,Jun,0.9950330853168092,0.03398051421061865,11.853136854793522,2.885648188592272
2008-07-01,2008,7,July,100.9,0.8959741371472022,0.9000000000000057,132.71818181818182,124.1,0.2986721397600256,0.29911860937816837,120.29677419354839,NA,-0.331041783699515,NA,3.30000000021091,39.0408803844671,20.9365382117877,22.9379468470309,103,Jul,1.1928570865273813,0.11969175746227023,7.470747620323781,2.2909982698196374
2008-08-01,2008,8,August,100.8,0.7968169649176882,0.7999999999999972,113.24333333333334,113.49,-15.868905059097305,-14.67383610749594,119.99387096774194,NA,-0.25211417285495585,NA,3.30000000021091,39.0408803844671,20.9365382117877,22.9379468470309,104,Aug,0.8959741371472022,-0.331041783699515,0.2986721397600256,1.993231300427182
2008-09-01,2008,9,September,100.6,0.5982071677547469,0.5999999999999943,97.23476190476191,93.52,-15.241061552051072,-14.136436077389192,119.668,NA,-0.27194243894648196,NA,3.30000000021091,39.0408803844671,20.9365382117877,22.9379468470309,105,Sep,0.7968169649176882,-0.25211417285495585,-15.868905059097305,1.5956164624632394
2008-10-01,2008,10,October,100.6,0.5982071677547469,0.5999999999999943,71.58217391304348,60,-30.62822050220051,-26.382116322601025,119.84806451612903,NA,0.1503569711833741,NA,3.30000000021091,39.0408803844671,20.9365382117877,22.9379468470309,106,Oct,0.5982071677547469,-0.27194243894648196,-15.241061552051072,1.1972095609757984
2008-11-01,2008,11,November,100.4,0.3992021269537457,0.4000000000000057,52.45263157894737,47.72,-31.09355685932109,-26.72389128239424,120.07066666666667,NA,0.185564681270467,NA,3.30000000021091,39.0408803844671,20.9365382117877,22.9379468470309,107,Nov,0.5982071677547469,0.1503569711833741,-30.62822050220051,0.8985532912008887
2008-12-01,2008,12,December,100.2,0.1998002662673058,0.20000000000000284,39.94681818181818,35.82,-27.23614826512213,-23.842108623866608,120.56838709677419,NA,0.41366613778706096,NA,3.30000000021091,39.0408803844671,20.9365382117877,22.9379468470309,108,Dec,0.3992021269537457,0.185564681270467,-31.09355685932109,1.296168129164831
2009-01-01,2009,1,January,100.3,0.2995508979798371,0.29999999999999716,43.4395,44.17,8.38201414008819,8.743329199048745,121.21129032258065,NA,0.5318104051556638,NA,1.19999999942873,44.0231721156941,4.69108507403161,15.4811753728879,109,Jan,0.1998002662673058,0.41366613778706096,-27.23614826512213,1.8931848278152135
2009-02-01,2009,2,February,100.8,0.7968169649176882,0.7999999999999972,43.32473684210526,44.41,-0.2645403889880882,-0.2641907892465212,145.19535714285715,NA,18.054490250596444,NA,1.19999999942873,44.0231721156941,4.69108507403161,15.4811753728879,110,Feb,0.2995508979798371,0.5318104051556638,8.38201414008819,2.3904508947530645
2009-03-01,2009,3,March,100.8,0.7968169649176882,0.7999999999999972,46.540454545454544,46.13,7.159816305535083,7.422359459605721,150.7458064516129,NA,3.7514891041313447,NA,1.19999999942873,44.0231721156941,4.69108507403161,15.4811753728879,111,Mar,0.7968169649176882,18.054490250596444,-0.2645403889880882,2.2911953034779122
2009-04-01,2009,4,April,100.8,0.7968169649176882,0.7999999999999972,50.18190476190476,50.3,7.533257420905448,7.82426869701871,150.6755172413793,NA,-0.04663851292701082,NA,1.19999999942873,44.0231721156941,4.69108507403161,15.4811753728879,112,Apr,0.7968169649176882,3.7514891041313447,7.159816305535083,1.8935804655139696
2009-05-01,2009,5,May,100.7,0.6975613736425359,0.7000000000000028,57.3025,64.98,13.26897539813352,14.189567478316988,150.3716129032258,NA,-0.20189824845102677,NA,1.19999999942873,44.0231721156941,4.69108507403161,15.4811753728879,113,May,0.7968169649176882,-0.04663851292701082,7.533257420905448,1.3963143985761186
2009-06-01,2009,6,June,100.4,0.3992021269537457,0.4000000000000057,68.60954545454545,68.11,18.008741883318802,19.732202704149813,150.343,NA,-0.019029938742232133,NA,1.19999999942873,44.0231721156941,4.69108507403161,15.4811753728879,114,Jun,0.6975613736425359,-0.20189824845102677,13.26897539813352,0.8985532912008884
2009-07-01,2009,7,July,100.3,0.2995508979798371,0.29999999999999716,64.43545454545455,70.08,-6.276765357873959,-6.083834080866035,150.612,NA,0.17876431468906162,NA,1.19999999942873,44.0231721156941,4.69108507403161,15.4811753728879,115,Jul,0.3992021269537457,-0.019029938742232133,18.008741883318802,0.8985532912008886
2009-08-01,2009,8,August,100.2,0.1998002662673058,0.20000000000000284,72.50857142857143,69.02,11.804076343256842,12.528998111469637,150.77935483870968,NA,0.11105484827149681,NA,1.19999999942873,44.0231721156941,4.69108507403161,15.4811753728879,116,Aug,0.2995508979798371,0.17876431468906162,-6.276765357873959,0.9982045201747972
2009-09-01,2009,9,September,100.4,0.3992021269537457,0.4000000000000057,67.64619047619048,65.82,-6.94137406936326,-6.705939527674875,150.879,NA,0.06606491304896878,NA,1.19999999942873,44.0231721156941,4.69108507403161,15.4811753728879,117,Sep,0.1998002662673058,0.11105484827149681,11.804076343256842,1.2971584050113882
2009-10-01,2009,10,October,100.4,0.3992021269537457,0.4000000000000057,72.76954545454545,74.91,7.300649522943736,7.573752405404477,150.77967741935484,NA,-0.06585097109352844,NA,1.19999999942873,44.0231721156941,4.69108507403161,15.4811753728879,118,Oct,0.3992021269537457,0.06606491304896878,-6.94137406936326,1.4961634458123894
2009-11-01,2009,11,November,100.5,0.4987541511038968,0.5,76.662,77.77,5.210861282803592,5.349015884517128,149.81966666666668,NA,-0.6387332743409857,NA,1.19999999942873,44.0231721156941,4.69108507403161,15.4811753728879,119,Nov,0.3992021269537457,-0.06585097109352844,7.300649522943736,2.487251835757787
2009-12-01,2009,12,December,100.6,0.5982071677547469,0.5999999999999943,74.45636363636363,77.91,-2.919291805628621,-2.877092123394087,148.7225806451613,NA,-0.7349652987858946,NA,1.19999999942873,44.0231721156941,4.69108507403161,15.4811753728879,120,Dec,0.4987541511038968,-0.6387332743409857,5.210861282803592,2.8844718218010925
2010-01-01,2010,1,January,101.4,1.3902905168991433,1.4000000000000057,76.16736842105263,71.2,2.2719904248256206,2.2979967072328966,148.14000000000001,NA,-0.392492305216674,NA,7.30000000329814,38.884379747538,19.5422853937296,14.3876480168855,121,Jan,0.5982071677547469,-0.7349652987858946,-2.919291805628621,2.9838260276888815
2010-02-01,2010,2,February,100.9,0.8959741371472022,0.9000000000000057,73.75210526315789,76.36,-3.2223594275586187,-3.1709946240274234,147.81678571428571,NA,-0.21842000576643983,NA,7.30000000329814,38.884379747538,19.5422853937296,14.3876480168855,122,Feb,1.3902905168991433,-0.392492305216674,2.2719904248256206,2.291096884432274
2010-03-01,2010,3,March,100.7,0.6975613736425359,0.7000000000000028,78.82739130434783,80.37,6.6551001094577344,6.881547344418992,147.10032258064516,NA,-0.4858751988126464,NA,7.30000000329814,38.884379747538,19.5422853937296,14.3876480168855,123,Mar,0.8959741371472022,-0.21842000576643983,-3.2223594275586187,1.9933299150398187
2010-04-01,2010,4,April,100.7,0.6975613736425359,0.7000000000000028,84.81761904761905,86.19,7.324275115604628,7.599170344408979,146.71266666666668,NA,-0.26387951051214387,NA,7.30000000329814,38.884379747538,19.5422853937296,14.3876480168855,124,Apr,0.6975613736425359,-0.4858751988126464,6.6551001094577344,1.4955688076645886
2010-05-01,2010,5,May,100.6,0.5982071677547469,0.5999999999999943,75.9455,73,-11.048731522404243,-10.460231196348468,146.67903225806452,NA,-0.022927989355370215,NA,7.30000000329814,38.884379747538,19.5422853937296,14.3876480168855,125,May,0.6975613736425359,-0.26387951051214387,7.324275115604628,0.9978077002893584
2010-06-01,2010,6,June,100.2,0.1998002662673058,0.20000000000000284,74.7609090909091,74.94,-1.5720835142258416,-1.5597907829837165,147.042,NA,0.24715147152196693,NA,7.30000000329814,38.884379747538,19.5422853937296,14.3876480168855,126,Jun,0.5982071677547469,-0.022927989355370215,-11.048731522404243,0.3996005325346116
2010-07-01,2010,7,July,100.2,0.1998002662673058,0.20000000000000284,75.58,77.5,1.089655528339506,1.0956138964213213,147.50096774193548,NA,0.3116476464729345,NA,7.30000000329814,38.884379747538,19.5422853937296,14.3876480168855,127,Jul,0.1998002662673058,0.24715147152196693,-1.5720835142258416,0.7980074340220527
2010-08-01,2010,8,August,100,0,0,77.03954545454546,75.51,1.9127169428398538,1.9311265606581918,147.32,NA,-0.12276451437616132,NA,7.30000000329814,38.884379747538,19.5422853937296,14.3876480168855,128,Aug,0.1998002662673058,0.3116476464729345,1.089655528339506,1.4941813049019492
2010-09-01,2010,9,September,100.6,0.5982071677547469,0.5999999999999943,77.8404761904762,80.77,1.0342688064231886,1.039635853515386,147.375,NA,0.037326728067021975,NA,7.30000000329814,38.884379747538,19.5422853937296,14.3876480168855,129,Sep,0,-0.12276451437616132,1.9127169428398538,2.2909982698196374
2010-10-01,2010,10,October,100.9,0.8959741371472022,0.9000000000000057,82.6647619047619,82.47,6.0131860342785615,6.197656990793132,147.57379310344828,NA,0.1347984044675954,NA,7.30000000329814,38.884379747538,19.5422853937296,14.3876480168855,130,Oct,0.5982071677547469,0.037326728067021975,1.0342688064231886,2.3903524757074264
2010-11-01,2010,11,November,100.8,0.7968169649176882,0.7999999999999972,85.2747619047619,86.02,3.1085120456827653,3.1573308140740552,147.49566666666666,NA,-0.05295460849676914,NA,7.30000000329814,38.884379747538,19.5422853937296,14.3876480168855,131,Nov,0.8959741371472022,0.1347984044675954,6.0131860342785615,3.1800900452025265
2010-12-01,2010,12,December,100.7,0.6975613736425359,0.7000000000000028,91.44681818181819,93.23,6.987904503623987,7.237846391115665,147.40225806451613,NA,-0.0633497881407763,NA,7.30000000329814,38.884379747538,19.5422853937296,14.3876480168855,132,Dec,0.7968169649176882,-0.05295460849676914,3.1085120456827653,3.872134329659894
2011-01-01,2011,1,January,101.7,1.6857117066423024,1.7000000000000028,96.5235,98.97,5.402892076418642,5.551512801777481,147.10096774193548,NA,-0.20460925469878433,NA,7.40000000144188,34.5296795917064,20.5429582655299,18.3529532976804,133,Jan,0.6975613736425359,-0.0633497881407763,6.987904503623987,3.673327107121255
2011-02-01,2011,2,February,101.5,1.488861249375056,1.5,103.71631578947368,112.27,7.187293729161404,7.4518804119967585,146.42607142857142,NA,-0.4598537188132745,NA,7.40000000144188,34.5296795917064,20.5429582655299,18.3529532976804,134,Feb,1.6857117066423024,-0.20460925469878433,5.402892076418642,2.4863695515828494
2011-03-01,2011,3,March,100.5,0.4987541511038968,0.5,114.64347826086956,116.94,10.016768448037539,10.535625362528434,145.73483870967743,NA,-0.47318719559488187,NA,7.40000000144188,34.5296795917064,20.5429582655299,18.3529532976804,135,Mar,1.488861249375056,-0.4598537188132745,7.187293729161404,1.4962624533116904
2011-04-01,2011,4,April,100.5,0.4987541511038968,0.5,123.25888888888889,126.59,7.245980733856072,7.5149592098166185,145.446,NA,-0.1983913541113047,NA,7.40000000144188,34.5296795917064,20.5429582655299,18.3529532976804,136,Apr,0.4987541511038968,-0.47318719559488187,10.016768448037539,1.2970592001876307
2011-05-01,2011,5,May,100.5,0.4987541511038968,0.5,114.98904761904762,117.18,-6.945004539198685,-6.7093264789171325,145.5416129032258,NA,0.06571613527661668,NA,7.40000000144188,34.5296795917064,20.5429582655299,18.3529532976804,137,May,0.4987541511038968,-0.1983913541113047,7.245980733856072,1.2970592001876307
2011-06-01,2011,6,June,100.3,0.2995508979798371,0.29999999999999716,113.83318181818181,111.71,-1.010282641694804,-1.005196429398325,145.767,NA,0.15474114513924775,NA,7.40000000144188,34.5296795917064,20.5429582655299,18.3529532976804,138,Jun,0.4987541511038968,0.06571613527661668,-6.945004539198685,1.097855947063571
2011-07-01,2011,7,July,100.5,0.4987541511038968,0.5,116.9735,115.93,2.7213354101601084,2.7587019282602654,145.89225806451614,NA,0.0858934312926607,NA,7.40000000144188,34.5296795917064,20.5429582655299,18.3529532976804,139,Jul,0.2995508979798371,0.15474114513924775,-1.010282641694804,1.097855947063571
2011-08-01,2011,8,August,100.3,0.2995508979798371,0.29999999999999716,110.21954545454545,116.48,-5.94731689540815,-5.7739184904739504,146.5974193548387,NA,0.48217951674507376,NA,7.40000000144188,34.5296795917064,20.5429582655299,18.3529532976804,140,Aug,0.4987541511038968,0.0858934312926607,2.7213354101601084,0.79890206222698
2011-09-01,2011,9,September,100.3,0.2995508979798371,0.29999999999999716,112.83380952380952,105.42,2.3441779511808036,2.371869760923828,147.18966666666668,NA,0.40318185671397444,NA,7.40000000144188,34.5296795917064,20.5429582655299,18.3529532976804,141,Sep,0.2995508979798371,0.48217951674507376,-5.94731689540815,1.0975583320018898
2011-10-01,2011,10,October,100.2,0.1998002662673058,0.20000000000000284,109.55,108.43,-2.953495793348093,-2.910306350258074,147.96548387096774,NA,0.5257024921396791,NA,7.40000000144188,34.5296795917064,20.5429582655299,18.3529532976804,142,Oct,0.2995508979798371,0.40318185671397444,2.3441779511808036,1.0975583320018898
2011-11-01,2011,11,November,100.6,0.5982071677547469,0.5999999999999943,110.76809523809524,111.22,1.1057717691738134,1.1119080219947453,147.844,NA,-0.08213656723095042,NA,7.40000000144188,34.5296795917064,20.5429582655299,18.3529532976804,143,Nov,0.1998002662673058,0.5257024921396791,-2.953495793348093,1.1973089637144212
2011-12-01,2011,12,December,100.3,0.2995508979798371,0.29999999999999716,107.87049999999999,108.09,-2.650735014757011,-2.615911406499216,147.92709677419356,NA,0.056189923414518006,NA,7.40000000144188,34.5296795917064,20.5429582655299,18.3529532976804,144,Dec,0.5982071677547469,-0.08213656723095042,1.1057717691738134,0.99830392291341985
2012-01-01,2012,1,January,100.3,0.2995508979798371,0.29999999999999716,110.68599999999999,110.26,2.5765930199859177,2.6100741166491304,148.35612903225805,NA,0.28960975213365714,NA,4.79999999528297,33.9279351024337,4.78556981066754,16.1210271615703,145,Jan,0.2995508979798371,0.056189923414518006,-2.650735014757011,0.99830392291341985
2012-02-01,2012,2,February,100.4,0.3992021269537457,0.4000000000000057,119.327,122.23,7.517025991298798,7.8067686970348715,148.2455172413793,NA,-0.07458609714152686,NA,4.79999999528297,33.9279351024337,4.78556981066754,16.1210271615703,146,Feb,0.2995508979798371,0.28960975213365714,2.5765930199859177,1.3963143985761186
2012-03-01,2012,3,March,100.3,0.2995508979798371,0.29999999999999716,125.44545454545454,123.41,5.000341526064744,5.127468674696045,147.80322580645162,NA,-0.2987965829118977,NA,4.79999999528297,33.9279351024337,4.78556981066754,16.1210271615703,147,Mar,0.3992021269537457,-0.07458609714152686,7.517025991298798,1.694673645264909
2012-04-01,2012,4,April,100.7,0.6975613736425359,0.7000000000000028,119.42166666666667,118.66,-4.921039159312635,-4.801918013382611,147.81799999999998,NA,0.009995353696545806,NA,4.79999999528297,33.9279351024337,4.78556981066754,16.1210271615703,148,Apr,0.2995508979798371,-0.2987965829118977,5.000341526064744,1.694673645264909
2012-05-01,2012,5,May,100.7,0.6975613736425359,0.7000000000000028,110.33952380952381,103.86,-7.9098455196040085,-7.60510476084143,147.86870967741936,NA,0.03429959903966662,NA,4.79999999528297,33.9279351024337,4.78556981066754,16.1210271615703,149,May,0.6975613736425359,0.009995353696545806,-4.921039159312635,1.2966631696022102
2012-06-01,2012,6,June,100.3,0.2995508979798371,0.29999999999999716,95.15571428571428,94.17,-14.804754467968984,-13.760988809432362,148.83533333333332,NA,0.6515766121375499,NA,4.79999999528297,33.9279351024337,4.78556981066754,16.1210271615703,150,Jun,0.6975613736425359,0.03429959903966662,-7.9098455196040085,0.8986526939395112
2012-07-01,2012,7,July,100.3,0.2995508979798371,0.29999999999999716,102.61857142857143,105.93,7.55042769421479,7.84278400816707,149.72129032258064,NA,0.5934951828905355,NA,4.79999999528297,33.9279351024337,4.78556981066754,16.1210271615703,151,Jul,0.2995508979798371,0.6515766121375499,-14.804754467968984,1.1973089637144212
2012-08-01,2012,8,August,100.3,0.2995508979798371,0.29999999999999716,113.35608695652174,113.93,9.951515162204494,10.463520762832147,149.52129032258065,NA,-0.13367083611468544,NA,4.79999999528297,33.9279351024337,4.78556981066754,16.1210271615703,152,Aug,0.2995508979798371,0.5934951828905355,7.55042769421479,1.59531943937712
2012-09-01,2012,9,September,100.6,0.5982071677547469,0.5999999999999943,112.86368421052632,111.36,-0.4353319969321312,-0.4343858007239465,149.77066666666667,NA,0.16664423882621904,NA,4.79999999528297,33.9279351024337,4.78556981066754,16.1210271615703,153,Sep,0.2995508979798371,-0.13367083611468544,9.951515162204494,1.9933299150398187
2012-10-01,2012,10,October,100.7,0.6975613736425359,0.7000000000000028,111.7108695652174,109.89,-1.0266744402199102,-1.0214221282716207,150.38258064516128,NA,0.4077349365493532,NA,4.79999999528297,33.9279351024337,4.78556981066754,16.1210271615703,154,Oct,0.5982071677547469,0.16664423882621904,-0.4353319969321312,1.9933299150398187
2012-11-01,2012,11,November,100.7,0.6975613736425359,0.7000000000000028,109.05857142857143,110.84,-2.402892122029421,-2.3742525207876453,150.51166666666666,NA,0.0858015934688261,NA,4.79999999528297,33.9279351024337,4.78556981066754,16.1210271615703,155,Nov,0.6975613736425359,0.4077349365493532,-1.0266744402199102,2.191742678544485
2012-12-01,2012,12,December,100.6,0.5982071677547469,0.5999999999999943,109.494,110.8,0.3984662772073655,0.39926120957283207,150.44354838709677,NA,-0.04526805140825374,NA,4.79999999528297,33.9279351024337,4.78556981066754,16.1210271615703,156,Dec,0.6975613736425359,0.0858015934688261,-2.402892122029421,2.2909982698196374
2013-01-01,2013,1,January,100.9,0.8959741371472022,0.9000000000000057,112.96,115.55,3.11640205101984,3.165470254077851,150.72870967741935,NA,0.18936762460866063,NA,5.99999999671084,32.2178669241273,9.49908144359215,13.575329365067,157,Jan,0.5982071677547469,-0.04526805140825374,0.3984662772073655,1.8925913683321962
2013-02-01,2013,2,February,100.8,0.7968169649176882,0.7999999999999972,116.05052631578947,112.2,2.699189421546233,2.7359475175190218,150.51214285714286,NA,-0.14378319259451544,NA,5.99999999671084,32.2178669241273,9.49908144359215,13.575329365067,158,Feb,0.8959741371472022,0.18936762460866063,3.11640205101984,1.296168129164831
2013-03-01,2013,3,March,100.2,0.1998002662673058,0.20000000000000284,108.474,108.46,-6.751515503246175,-6.528644510558013,150.75451612903225,NA,0.16090285263992143,NA,5.99999999671084,32.2178669241273,9.49908144359215,13.575329365067,159,Mar,0.7968169649176882,-0.14378319259451544,2.699189421546233,0.6991514305144486
2013-04-01,2013,4,April,100.3,0.2995508979798371,0.29999999999999716,102.24818181818182,101.53,-5.91074998923915,-5.739456627226969,150.97966666666667,NA,0.1492377014337798,NA,5.99999999671084,32.2178669241273,9.49908144359215,13.575329365067,160,Apr,0.1998002662673058,0.16090285263992143,-6.751515503246175,0.79890206222698
2013-05-01,2013,5,May,100.2,0.1998002662673058,0.20000000000000284,102.55863636363637,100.43,0.3031684062041684,0.3036284263778777,150.98516129032257,NA,0.003639247453879335,NA,5.99999999671084,32.2178669241273,9.49908144359215,13.575329365067,161,May,0.2995508979798371,0.1492377014337798,-5.91074998923915,0.6991514305144486
2013-06-01,2013,6,June,100.3,0.2995508979798371,0.29999999999999716,102.9195,102.49,0.3512432161913992,0.351860798035708,151.43833333333333,NA,0.2996938996161269,NA,5.99999999671084,32.2178669241273,9.49908144359215,13.575329365067,162,Jun,0.1998002662673058,0.003639247453879335,0.3031684062041684,0.6991514305144486
2013-07-01,2013,7,July,100.2,0.1998002662673058,0.20000000000000284,107.93318181818182,107.89,4.756521953034021,4.871459556431801,152.58064516129033,NA,0.7514775619032577,NA,5.99999999671084,32.2178669241273,9.49908144359215,13.575329365067,163,Jul,0.2995508979798371,0.2996938996161269,0.3512432161913992,0.5994007988019174
2013-08-01,2013,8,August,100.2,0.1998002662673058,0.20000000000000284,111.28045454545455,115.97,3.0541283517354856,3.1012452990696993,152.9206451612903,NA,0.22258507649244308,NA,5.99999999671084,32.2178669241273,9.49908144359215,13.575329365067,164,Aug,0.1998002662673058,0.7514775619032577,4.756521953034021,0.6991514305144486
2013-09-01,2013,9,September,100.2,0.1998002662673058,0.20000000000000284,111.5965,107.85,0.28360551410528956,0.28400805499617654,153.23033333333333,NA,0.2023108201021806,NA,5.99999999671084,32.2178669241273,9.49908144359215,13.575329365067,165,Sep,0.1998002662673058,0.22258507649244308,3.0541283517354856,0.9981053153510397
2013-10-01,2013,10,October,100.3,0.2995508979798371,0.29999999999999716,109.07652173913043,107.53,-2.2840017225961518,-2.258115855667142,153.94967741935486,NA,0.46835430417102586,NA,5.99999999671084,32.2178669241273,9.49908144359215,13.575329365067,166,Oct,0.1998002662673058,0.2023108201021806,0.28360551410528956,1.49586642272627
2013-11-01,2013,11,November,100.5,0.4987541511038968,0.5,107.792,111.07,-1.1846226003978444,-1.177633571963832,153.43366666666668,NA,-0.3357444359564532,NA,5.99999999671084,32.2178669241273,9.49908144359215,13.575329365067,167,Nov,0.2995508979798371,0.46835430417102586,-2.2840017225961518,1.7945226925011797
2013-12-01,2013,12,December,100.7,0.6975613736425359,0.7000000000000028,110.75666666666666,109.95,2.7132158531072648,2.750358715550938,154.01096774193547,NA,0.3755484332222281,NA,5.99999999671084,32.2178669241273,9.49908144359215,13.575329365067,168,Dec,0.4987541511038968,-0.3357444359564532,-1.1846226003978444,2.9814802480395852
2014-01-01,2014,1,January,100.6,0.5982071677547469,0.5999999999999943,108.11772727272727,108.16,-2.411490197708943,-2.3826460955903905,154.79258064516128,NA,0.5062212377036523,NA,4.20000000566705,32.2652212789942,5.77123952478276,13.4439854013249,169,Jan,0.6975613736425359,0.3755484332222281,2.7132158531072648,3.2789519597138588
2014-02-01,2014,2,February,101.7,1.6857117066423024,1.7000000000000028,108.90052631578948,108.98,0.7214162174134842,0.7240246930899641,172.43607142857144,NA,10.794053600984821,NA,4.20000000566705,32.2652212789942,5.77123952478276,13.4439854013249,170,Feb,0.5982071677547469,0.5062212377036523,-2.411490197708943,3.2789519597138583
2014-03-01,2014,3,March,101,0.9950330853168092,1,107.48095238095239,105.95,-1.3121218232134524,-1.3035510321783184,182.32548387096776,NA,5.576689539134083,NA,4.20000000566705,32.2652212789942,5.77123952478276,13.4439854013249,171,Mar,1.6857117066423024,10.794053600984821,0.7214162174134842,2.191447420826303
2014-04-01,2014,4,April,100.6,0.5982071677547469,0.5999999999999943,107.7552380952381,108.63,0.2548696500857872,0.255194718887064,182.03633333333335,NA,-0.1587161907098178,NA,4.20000000566705,32.2652212789942,5.77123952478276,13.4439854013249,172,Apr,0.9950330853168092,5.576689539134083,-1.3121218232134524,1.495965233489331
2014-05-01,2014,5,May,100.6,0.5982071677547469,0.5999999999999943,109.53909090909092,109.21,1.6419138937568079,1.65546737716471,182.3625806451613,NA,0.1790605770120024,NA,4.20000000566705,32.2652212789942,5.77123952478276,13.4439854013249,173,May,0.5982071677547469,-0.1587161907098178,0.2548696500857872,0.9977080990429263
2014-06-01,2014,6,June,100.3,0.2995508979798371,0.29999999999999716,111.79523809523809,111.03,2.03874865953253,2.059673096994752,183.50733333333332,NA,0.62577237430963,NA,4.20000000566705,32.2652212789942,5.77123952478276,13.4439854013249,174,Jun,0.5982071677547469,0.1790605770120024,1.6419138937568079,0.7987030582419251
2014-07-01,2014,7,July,100.1,0.09995003330834232,0.09999999999999432,106.76818181818182,104.94,-4.600900766056526,-4.496664046436161,183.52161290322582,NA,0.007781168240850178,NA,4.20000000566705,32.2652212789942,5.77123952478276,13.4439854013249,175,Jul,0.2995508979798371,0.62577237430963,2.03874865953253,0.9979063113659847
2014-08-01,2014,8,August,100.4,0.3992021269537457,0.4000000000000057,101.60809523809523,101.12,-4.953674957687149,-4.832981598275998,182.05193548387098,NA,-0.8040435876978336,NA,4.20000000566705,32.2652212789942,5.77123952478276,13.4439854013249,176,Aug,0.09995003330834232,0.007781168240850178,-4.600900766056526,1.297158405011388
2014-09-01,2014,9,September,100.5,0.4987541511038968,0.5,97.09142857142857,94.67,-4.547011234835807,-4.445183876425296,181.957,NA,-0.05216107450625174,NA,4.20000000566705,32.2652212789942,5.77123952478276,13.4439854013249,177,Sep,0.3992021269537457,-0.8040435876978336,-4.953674957687149,1.4961634458123894
2014-10-01,2014,10,October,100.4,0.3992021269537457,0.4000000000000057,87.42521739130434,84.17,-10.486932761247214,-9.955782217184028,181.4809677419355,NA,-0.2619608145218777,NA,4.20000000566705,32.2652212789942,5.77123952478276,13.4439854013249,178,Oct,0.4987541511038968,-0.05216107450625174,-4.547011234835807,1.4961634458123894
2014-11-01,2014,11,November,100.6,0.5982071677547469,0.5999999999999943,79.43789473684211,71.89,-9.580825146258398,-9.136177058287398,180.87,NA,-0.337224611121556,NA,4.20000000566705,32.2652212789942,5.77123952478276,13.4439854013249,179,Nov,0.3992021269537457,-0.2619608145218777,-10.486932761247214,1.6951684866133907
2014-12-01,2014,12,December,100.5,0.4987541511038968,0.5,62.335,55.27,-24.24524522902498,-21.529894257016412,181.78774193548387,NA,0.5061212203265164,NA,4.20000000566705,32.2652212789942,5.77123952478276,13.4439854013249,180,Dec,0.5982071677547469,-0.337224611121556,-9.580825146258398,1.4961634458123894
2015-01-01,2015,1,January,100.6,0.5982071677547469,0.5999999999999943,47.7595,47.52,-26.634506577911754,-23.38252987888024,183.51967741935485,NA,0.9482142265735405,NA,1.20000000053288,41.8888040751794,1.82354987628641,6.77396398337604,181,Jan,0.4987541511038968,0.5061212203265164,-24.24524522902498,1.097359328016835
2015-02-01,2015,2,February,100.4,0.3992021269537457,0.4000000000000057,58.0955,61.89,19.59102081726174,21.641767606444784,184.91071428571428,NA,0.7551187456111386,NA,1.20000000053288,41.8888040751794,1.82354987628641,6.77396398337604,182,Feb,0.5982071677547469,0.9482142265735405,-26.634506577911754,0.5991021935704303
2015-03-01,2015,3,March,100.1,0.09995003330834232,0.09999999999999432,55.88545454545454,53.69,-3.878406679992441,-3.8041594521872724,185.33548387096775,NA,0.2294526040945044,NA,1.20000000053288,41.8888040751794,1.82354987628641,6.77396398337604,183,Mar,0.3992021269537457,0.7551187456111386,19.59102081726174,0.4994509645965217
2015-04-01,2015,4,April,100.1,0.09995003330834232,0.09999999999999432,59.52428571428571,63.9,6.308025115041005,6.511231228998082,185.73000000000002,NA,0.2126397063769936,NA,1.20000000053288,41.8888040751794,1.82354987628641,6.77396398337604,184,Apr,0.09995003330834232,0.2294526040945044,-3.878406679992441,0.2994508979298371
2015-05-01,2015,5,May,100.3,0.2995508979798371,0.29999999999999716,64.075,63.16,7.366987970921102,7.645138838889309,185.80967741935484,NA,0.04289039659486349,NA,1.20000000053288,41.8888040751794,1.82354987628641,6.77396398337604,185,May,0.09995003330834232,0.2126397063769936,6.308025115041005,0.29945089792983703
2015-06-01,2015,6,June,99.9,-0.10005003335834234,-0.09999999999999432,61.47772727272727,60.31,-4.137932119980547,-4.0534884545809335,186.04666666666665,NA,0.12746281361977196,NA,1.20000000053288,41.8888040751794,1.82354987628641,6.77396398337604,186,Jun,0.2995508979798371,0.04289039659486349,7.366987970921102,0.29945089792983703
2015-07-01,2015,7,July,100.1,0.09995003330834232,0.09999999999999432,56.56130434782609,53.29,-8.334986841557779,-7.997079825496744,186.75967741935483,NA,0.3825104552872105,NA,1.20000000053288,41.8888040751794,1.82354987628641,6.77396398337604,187,Jul,-0.10005003335834234,0.12746281361977196,-4.137932119980547,1.3945340166049887
2015-08-01,2015,8,August,100.3,0.2995508979798371,0.29999999999999716,46.515,47.97,-19.555024141422983,-17.76179751097309,206.98870967741937,NA,10.284160630243466,NA,1.20000000053288,41.8888040751794,1.82354987628641,6.77396398337604,188,Aug,0.09995003330834232,0.3825104552872105,-8.334986841557779,6.3638954148484626
2015-09-01,2015,9,September,101,0.9950330853168092,1,47.62318181818182,47.29,2.3544814451530005,2.3824181837725833,258.33666666666664,NA,22.159939467109435,NA,1.20000000053288,41.8888040751794,1.82354987628641,6.77396398337604,189,Sep,0.2995508979798371,10.284160630243466,-19.555024141422983,9.697537441607647
2015-10-01,2015,10,October,105.2,5.069311431551816,5.200000000000003,48.43,48,1.6799800743085846,1.694171096963859,275.4583870967742,NA,6.417292833593979,NA,1.20000000053288,41.8888040751794,1.82354987628641,6.77396398337604,190,Oct,0.9950330853168092,22.159939467109435,2.3544814451530005,9.895361442818219
2015-11-01,2015,11,November,103.7,3.6331929247390207,3.700000000000003,44.26761904761905,43.73,-8.986599364240178,-8.59463339331189,302.88233333333335,NA,9.490781908869561,NA,1.20000000053288,41.8888040751794,1.82354987628641,6.77396398337604,191,Nov,5.069311431551816,6.417292833593979,1.6799800743085846,6.117672537921024
2015-12-01,2015,12,December,101.2,1.1928570865273813,1.2000000000000028,38.00545454545455,36.61,-15.252377267746997,-14.146151604467905,323.0451612903226,NA,6.444774043285761,NA,1.20000000053288,41.8888040751794,1.82354987628641,6.77396398337604,192,Dec,3.6331929247390207,9.490781908869561,-8.986599364240178,3.5784736170154305
2016-01-01,2016,1,January,101.3,1.2916225266546228,1.2999999999999972,30.6995,33.14,-21.348332227969458,-19.223436827249685,361.4177419354839,NA,11.224233750770818,NA,1.09999999910173,42.1505362245327,13.6384336176426,6.9499320090465,193,Jan,1.1928570865273813,6.444774043285761,-15.252377267746997,2.884370681591946
2016-02-01,2016,2,February,101.1,1.0939940038334264,1.0999999999999943,32.1815,35.92,4.714538546530589,4.8274401863222405,359.2065517241379,NA,-0.6136893164765844,NA,1.09999999910173,42.1505362245327,13.6384336176426,6.9499320090465,194,Feb,1.2916225266546228,11.224233750770818,-21.348332227969458,2.19095532269207
2016-03-01,2016,3,March,100.5,0.4987541511038968,0.5,38.210454545454546,36.75,17.171740408871194,18.73422477340878,344.8958064516129,NA,-4.065521489634438,NA,1.09999999910173,42.1505362245327,13.6384336176426,6.9499320090465,195,Mar,1.0939940038334264,-0.6136893164765844,4.714538546530589,1.5957154699625407
2016-04-01,2016,4,April,100.6,0.5982071677547469,0.5999999999999943,41.583333333333336,45.64,8.459028859392914,8.827109826360392,337.311,NA,-2.2237007677867737,NA,1.09999999910173,42.1505362245327,13.6384336176426,6.9499320090465,196,Apr,0.4987541511038968,-4.065521489634438,17.171740408871194,1.4961634458123894
2016-05-01,2016,5,May,100.5,0.4987541511038968,0.5,46.742380952380955,49.26,11.695182220880529,12.406527340395069,332.7377419354839,NA,-1.3650735518565327,NA,1.09999999910173,42.1505362245327,13.6384336176426,6.9499320090465,197,May,0.5982071677547469,-2.2237007677867737,8.459028859392914,1.3967104291615393
2016-06-01,2016,6,June,100.4,0.3992021269537457,0.4000000000000057,48.24727272727273,48.05,3.168803422804789,3.219544542296404,336.786,NA,1.2093095872793391,NA,1.09999999910173,42.1505362245327,13.6384336176426,6.9499320090465,198,Jun,0.4987541511038968,-1.3650735518565327,11.695182220880529,1.0977565443249482
2016-07-01,2016,7,July,100.5,0.4987541511038968,0.5,44.951904761904764,40.76,-7.074616725474137,-6.830164233314672,341.08870967741933,NA,1.269487532482838,NA,1.09999999910173,42.1505362245327,13.6384336176426,6.9499320090465,199,Jul,0.3992021269537457,1.2093095872793391,3.168803422804789,0.8983546836385083
2016-08-01,2016,8,August,100.2,0.1998002662673058,0.20000000000000284,45.84304347826087,47.94,1.9630328561720756,1.9824270430278013,344.1448387096774,NA,0.8920022387380655,NA,1.09999999910173,42.1505362245327,13.6384336176426,6.9499320090465,200,Aug,0.4987541511038968,1.269487532482838,-7.074616725474137,0.9978077002893585
2016-09-01,2016,9,September,100.2,0.1998002662673058,0.20000000000000284,46.567727272727275,48.24,1.5684289706694443,1.5807933755751957,338.696,NA,-1.5959661627703348,NA,1.09999999910173,42.1505362245327,13.6384336176426,6.9499320090465,201,Sep,0.1998002662673058,0.8920022387380655,1.9630328561720756,1.990864520549434
2016-10-01,2016,10,October,100.6,0.5982071677547469,0.5999999999999943,49.52238095238095,46.2,6.151695442804561,6.344852653747801,332.1864516129032,NA,-1.9406537371542854,NA,1.09999999910173,42.1505362245327,13.6384336176426,6.9499320090465,202,Oct,0.1998002662673058,-1.5959661627703348,1.5684289706694443,2.6870383914293305
2016-11-01,2016,11,November,101.2,1.1928570865273813,1.2000000000000028,44.73409090909091,47.95,-10.16888367414106,-9.668941499186602,339.19466666666665,NA,2.087776800248342,NA,1.09999999910173,42.1505362245327,13.6384336176426,6.9499320090465,203,Nov,0.5982071677547469,-1.9406537371542854,6.151695442804561,2.885648188592272
2016-12-01,2016,12,December,100.9,0.8959741371472022,0.9000000000000057,53.3085,54.96,17.53599220280546,19.16750495351318,333.97,NA,-1.552301194036687,NA,1.09999999910173,42.1505362245327,13.6384336176426,6.9499320090465,204,Dec,1.1928570865273813,2.087776800248342,-10.16888367414106,2.6878241873816995
2017-01-01,2017,1,January,100.8,0.7968169649176882,0.7999999999999972,54.57666666666667,55.25,2.3510647854556144,2.3789201847109975,331.26709677419353,NA,-0.8126179711570813,NA,4.10000000257358,35.7792185112831,11.211105653729,9.66346231175396,205,Jan,0.8959741371472022,-1.552301194036687,17.53599220280546,2.290604201338394
2017-02-01,2017,2,February,101,0.9950330853168092,1,54.8695,53.36,0.5351197598470581,0.5365540829414206,319.8646428571429,NA,-3.502707363537283,NA,4.10000000257358,35.7792185112831,11.211105653729,9.66346231175396,206,Feb,0.7968169649176882,-0.8126179711570813,2.3510647854556144,1.992541387524603
2017-03-01,2017,3,March,100.5,0.4987541511038968,0.5,51.58913043478261,52.2,-6.1646638772884454,-5.978493635293547,316.198064516129,NA,-1.1529111554607674,NA,4.10000000257358,35.7792185112831,11.211105653729,9.66346231175396,207,Mar,0.9950330853168092,-3.502707363537283,0.5351197598470581,1.4962624533116904
2017-04-01,2017,4,April,100.5,0.4987541511038968,0.5,52.3078947368421,49.46,1.3836310861290002,1.3932475620385354,312.475,NA,-1.184433770549198,NA,4.10000000257358,35.7792185112831,11.211105653729,9.66346231175396,208,Apr,0.4987541511038968,-1.1529111554607674,-6.1646638772884454,1.3967104291615393
2017-05-01,2017,5,May,100.5,0.4987541511038968,0.5,50.326521739130435,49.4,-3.8615101367391436,-3.787904307141088,314.07451612903225,NA,0.5105804290649552,NA,4.10000000257358,35.7792185112831,11.211105653729,9.66346231175396,209,May,0.4987541511038968,-1.184433770549198,1.3836310861290002,0.9979063113659847
2017-06-01,2017,6,June,100.4,0.3992021269537457,0.4000000000000057,46.36818181818182,47.08,-8.191872197261851,-7.865315909306892,318.50166666666667,NA,1.39974375939671,NA,4.10000000257358,35.7792185112831,11.211105653729,9.66346231175396,210,Jun,0.4987541511038968,0.5105804290649552,-3.8615101367391436,0.5991021935704303
2017-07-01,2017,7,July,100.1,0.09995003330834232,0.09999999999999432,48.47857142857143,51.99,4.450838676429658,4.551374515103568,325.12387096774194,NA,2.057854329209352,NA,4.10000000257358,35.7792185112831,11.211105653729,9.66346231175396,211,Jul,0.3992021269537457,1.39974375939671,-8.191872197261851,0.4994509645965217
2017-08-01,2017,8,August,100.1,0.09995003330834232,0.09999999999999432,51.70434782608696,52.69,6.4420001100339075,6.654025278505582,332.84806451612906,NA,2.3479871993616896,NA,4.10000000257358,35.7792185112831,11.211105653729,9.66346231175396,212,Aug,0.09995003330834232,2.057854329209352,4.450838676429658,1.5923580178155607
2017-09-01,2017,9,September,100.3,0.2995508979798371,0.29999999999999716,56.152857142857144,57.02,8.253568880654294,8.603743212724035,338.7796666666667,NA,1.7663822088436198,NA,4.10000000257358,35.7792185112831,11.211105653729,9.66346231175396,213,Sep,0.09995003330834232,2.3479871993616896,6.4420001100339075,2.3883821216544208
2017-10-01,2017,10,October,101.2,1.1928570865273813,1.2000000000000028,57.50772727272727,61.35,2.3841762124575894,2.412824918994305,337.1741935483871,NA,-0.4750253624452583,NA,4.10000000257358,35.7792185112831,11.211105653729,9.66346231175396,214,Oct,0.2995508979798371,1.7663822088436198,8.253568880654294,2.7863925973171195
2017-11-01,2017,11,November,100.9,0.8959741371472022,0.9000000000000057,62.714090909090906,63.53,8.66668316559469,9.053328801663007,332.4316666666667,NA,-1.4165366420000325,NA,4.10000000257358,35.7792185112831,11.211105653729,9.66346231175396,215,Nov,1.1928570865273813,-0.4750253624452583,2.3841762124575894,2.191742678544485
2017-12-01,2017,12,December,100.7,0.6975613736425359,0.7000000000000028,64.37368421052632,66.73,2.6118761545018465,2.6462845548397285,333.5351612903226,NA,0.3313965762998805,NA,4.10000000257358,35.7792185112831,11.211105653729,9.66346231175396,216,Dec,0.8959741371472022,-1.4165366420000325,8.66668316559469,1.9933299150398187
2018-01-01,2018,1,January,100.6,0.5982071677547469,0.5999999999999943,69.07727272727273,67.78,7.052085325436597,7.3066946135378785,327.14129032258063,NA,-1.9356132879050136,NA,4.09999999309841,33.6679512588144,9.20560599766662,15.0881830400628,217,Jan,0.6975613736425359,0.3313965762998805,2.6118761545018465,1.7945226925011797
2018-02-01,2018,2,February,100.7,0.6975613736425359,0.7000000000000028,65.3175,66.08,-5.596577832837557,-5.442850562611046,321.94928571428574,NA,-1.5998122715935814,NA,4.09999999309841,33.6679512588144,9.20560599766662,15.0881830400628,218,Feb,0.5982071677547469,-1.9356132879050136,7.052085325436597,1.5955176517001783
2018-03-01,2018,3,March,100.5,0.4987541511038968,0.5,66.01666666666667,69.02,1.064724114694826,1.0704124724104203,320.6974193548387,NA,-0.3895975605381352,NA,4.09999999309841,33.6679512588144,9.20560599766662,15.0881830400628,219,Mar,0.6975613736425359,-1.5998122715935814,-5.596577832837557,1.0977565443249482
2018-04-01,2018,4,April,100.4,0.3992021269537457,0.4000000000000057,72.106,75.92,8.82300231818025,9.223933350164092,324.728,NA,1.2489849083941351,NA,4.09999999309841,33.6679512588144,9.20560599766662,15.0881830400628,220,Apr,0.4987541511038968,-0.3895975605381352,1.064724114694826,0.7988026594883573
2018-05-01,2018,5,May,100.2,0.1998002662673058,0.20000000000000284,76.9752380952381,76.45,6.53465283743806,6.752888934676871,328.13,NA,1.0421962487859204,NA,4.09999999309841,33.6679512588144,9.20560599766662,15.0881830400628,221,May,0.3992021269537457,1.2489849083941351,8.82300231818025,0.4995505658429539
2018-06-01,2018,6,June,100.2,0.1998002662673058,0.20000000000000284,74.4047619047619,77.44,-3.396384306886535,-3.3393546471345292,336.08,NA,2.3939355536098716,NA,4.09999999309841,33.6679512588144,9.20560599766662,15.0881830400628,222,Jun,0.1998002662673058,1.0421962487859204,6.53465283743806,0.49955056584295393
2018-07-01,2018,7,July,100.1,0.09995003330834232,0.09999999999999432,74.2540909090909,74.16,-0.2027071303343675,-0.20250181818181057,344.2483870967742,NA,2.4014225469484174,NA,4.09999999309841,33.6679512588144,9.20560599766662,15.0881830400628,223,Jul,0.1998002662673058,2.3939355536098716,-3.396384306886535,0.6989524265293938
2018-08-01,2018,8,August,100.2,0.1998002662673058,0.20000000000000284,72.52826086956522,76.94,-2.3516581579978713,-2.324222165265777,357.02677419354836,NA,3.644732437787024,NA,4.09999999309841,33.6679512588144,9.20560599766662,15.0881830400628,224,Aug,0.09995003330834232,2.4014225469484174,-0.2027071303343675,0.9982045201747972
2018-09-01,2018,9,September,100.4,0.3992021269537457,0.4000000000000057,78.891,82.72,8.4090861900653735,8.772772232712889,366.774,NA,2.69350778463302,NA,4.09999999309841,33.6679512588144,9.20560599766662,15.0881830400628,225,Sep,0.1998002662673058,3.644732437787024,-2.3516581579978713,1.6943783910546935
2018-10-01,2018,10,October,100.4,0.3992021269537457,0.4000000000000057,81.03217391304348,74.84,2.677913170444679,2.714091484508341,367.81451612903226,NA,0.2832924289097427,NA,4.09999999309841,33.6679512588144,9.20560599766662,15.0881830400628,226,Oct,0.3992021269537457,2.69350778463302,8.4090861900653735,1.9927376377434838
2018-11-01,2018,11,November,100.9,0.8959741371472022,0.9000000000000057,64.74818181818182,57.71,-22.434066445159573,-20.095711750663625,370.16166666666663,NA,0.6361068302151551,NA,4.09999999309841,33.6679512588144,9.20560599766662,15.0881830400628,227,Nov,0.3992021269537457,0.2832924289097427,2.677913170444679,2.092289661893635
2018-12-01,2018,12,December,100.7,0.6975613736425359,0.7000000000000028,57.36235294117647,50.57,-12.111740411493521,-11.407005833376704,372.4141935483871,NA,0.6066811248016002,NA,4.09999999309841,33.6679512588144,9.20560599766662,15.0881830400628,228,Dec,0.8959741371472022,0.6361068302151551,-22.434066445159573,NA
2019-01-01,2019,1,January,100.5,0.4987541511038968,0.5,59.40954545454545,62.46,3.5066695303666684,3.568878207399062,378.3793548387097,NA,1.5890618200926632,NA,4.50000000091883,30.664842365347,7.63328623733945,13.3329218324239,229,Jan,0.6975613736425359,0.6066811248016002,-12.111740411493521,NA
